id,color,description,fare_class,long_name,short_name,text_color,direction_names,direction_destinations,line_id
"Red","DA291C","Rapid Transit","Rapid Transit","Red Line","","FFFFFF","['South', 'North']","['Ashmont/Braintree', 'Alewife']","line-Red"
"Mattapan","DA291C","Rapid Transit","Rapid Transit","Mattapan Trolley","","FFFFFF","['Outbound', 'Inbound']","['Mattapan', 'Ashmont']","line-Mattapan"
"Orange","ED8B00","Rapid Transit","Rapid Transit","Orange Line","","FFFFFF","['South', 'North']","['Forest Hills', 'Oak Grove']","line-Orange"
"Green-B","00843D","Rapid Transit","Rapid Transit","Green Line B","B","FFFFFF","['West', 'East']","['Boston College', 'Government Center']","line-Green"
"Green-C","00843D","Rapid Transit","Rapid Transit","Green Line C","C","FFFFFF","['West', 'East']","['Cleveland Circle', 'Government Center']","line-Green"
"Green-D","00843D","Rapid Transit","Rapid Transit","Green Line D","D","FFFFFF","['West', 'East']","['Riverside', 'Union Square']","line-Green"
"Green-E","00843D","Rapid Transit","Rapid Transit","Green Line E","E","FFFFFF","['West', 'East']","['Heath Street', 'Medford/Tufts']","line-Green"
"Blue","003DA5","Rapid Transit","Rapid Transit","Blue Line","","FFFFFF","['West', 'East']","['Bowdoin', 'Wonderland']","line-Blue"
"741","7C878E","Frequent Bus","Rapid Transit","Logan Airport Terminals - South Station","SL1","FFFFFF","['Outbound', 'Inbound']","['Logan Airport Terminals', 'South Station']","line-SLWaterfront"
"742","7C878E","Frequent Bus","Rapid Transit","Design Center - South Station","SL2","FFFFFF","['Outbound', 'Inbound']","['Design Center', 'South Station']","line-SLWaterfront"
"743","7C878E","Frequent Bus","Rapid Transit","Chelsea Station - South Station","SL3","FFFFFF","['Outbound', 'Inbound']","['Chelsea Station', 'South Station']","line-SLWaterfront"
"751","7C878E","Frequent Bus","Local Bus","Nubian Station - South Station","SL4","FFFFFF","['Outbound', 'Inbound']","['Nubian Station', 'South Station']","line-SLWashington"
"749","7C878E","Frequent Bus","Local Bus","Nubian Station - Temple Place","SL5","FFFFFF","['Outbound', 'Inbound']","['Nubian Station', 'Temple Place']","line-SLWashington"
"746","7C878E","Frequent Bus","Rapid Transit","Silver Line Way - South Station","SLW","FFFFFF","['Outbound', 'Inbound']","['Silver Line Way', 'South Station']","line-SLWaterfront"
"CR-Fairmount","80276C","Regional Rail","Commuter Rail","Fairmount Line","","FFFFFF","['Outbound', 'Inbound']","['Fairmount', 'South Station']","line-Fairmount"
"CR-NewBedford","80276C","Regional Rail","Commuter Rail","Fall River/New Bedford Line","","FFFFFF","['Outbound', 'Inbound']","['Fall River or New Bedford', 'South Station']","line-NewBedford"
"CR-Fitchburg","80276C","Regional Rail","Commuter Rail","Fitchburg Line","","FFFFFF","['Outbound', 'Inbound']","['Wachusett', 'North Station']","line-Fitchburg"
"CR-Worcester","80276C","Regional Rail","Commuter Rail","Framingham/Worcester Line","","FFFFFF","['Outbound', 'Inbound']","['Worcester', 'South Station']","line-Worcester"
"CR-Franklin","80276C","Regional Rail","Commuter Rail","Franklin/Foxboro Line","","FFFFFF","['Outbound', 'Inbound']","['Forge Park/495 or Foxboro', 'South Station']","line-Franklin"
"CR-Greenbush","80276C","Regional Rail","Commuter Rail","Greenbush Line","","FFFFFF","['Outbound', 'Inbound']","['Greenbush', 'South Station']","line-Greenbush"
"CR-Haverhill","80276C","Regional Rail","Commuter Rail","Haverhill Line","","FFFFFF","['Outbound', 'Inbound']","['Haverhill', 'North Station']","line-Haverhill"
"CR-Kingston","80276C","Regional Rail","Commuter Rail","Kingston Line","","FFFFFF","['Outbound', 'Inbound']","['Kingston', 'South Station']","line-Kingston"
"CR-Lowell","80276C","Regional Rail","Commuter Rail","Lowell Line","","FFFFFF","['Outbound', 'Inbound']","['Lowell', 'North Station']","line-Lowell"
"CR-Needham","80276C","Regional Rail","Commuter Rail","Needham Line","","FFFFFF","['Outbound', 'Inbound']","['Needham Heights', 'South Station']","line-Needham"
"CR-Newburyport","80276C","Regional Rail","Commuter Rail","Newburyport/Rockport Line","","FFFFFF","['Outbound', 'Inbound']","['Newburyport or Rockport', 'North Station']","line-Newburyport"
"CR-Providence","80276C","Regional Rail","Commuter Rail","Providence/Stoughton Line","","FFFFFF","['Outbound', 'Inbound']","['Stoughton or Wickford Junction', 'South Station']","line-Providence"
"CR-Foxboro","80276C","Regional Rail","Special","Foxboro Event Service","","FFFFFF","['Outbound', 'Inbound']","['Foxboro or Providence', 'South Station or Foxboro']","line-Foxboro"
"Boat-F4","008EAA","Ferry","Ferry","Charlestown Ferry","","FFFFFF","['Outbound', 'Inbound']","['Charlestown', 'Long Wharf']","line-Boat-F4"
"Boat-F1","008EAA","Ferry","Ferry","Hingham/Hull Ferry","","FFFFFF","['Outbound', 'Inbound']","['Hingham or Hull', 'Long Wharf or Rowes Wharf']","line-Boat-F1"
"Boat-EastBoston","008EAA","Ferry","Ferry","East Boston Ferry","","FFFFFF","['Outbound', 'Inbound']","['Lewis Mall Wharf', 'Long Wharf']","line-Boat-EastBoston"
"Boat-Lynn","008EAA","Ferry","Ferry","Lynn Ferry","","FFFFFF","['Outbound', 'Inbound']","['Blossom Street Pier', 'Long Wharf']","line-Boat-Lynn"
"Boat-F6","008EAA","Ferry","Ferry","Winthrop Ferry","","FFFFFF","['Outbound', 'Inbound']","['Winthrop', 'Central Wharf']","line-Boat-F6"
"Boat-F7","008EAA","Ferry","Ferry","Quincy Ferry","","FFFFFF","['Outbound', 'Inbound']","['Quincy', 'Central Wharf']","line-Boat-F7"
"747","FFC72C","Local Bus","Local Bus","Sullivan Square Station - Ruggles Station","CT2","000000","['Outbound', 'Inbound']","['Sullivan Square Station', 'Ruggles Station']","line-747"
"708","FFC72C","Local Bus","Local Bus","Beth Israel Deaconess Hospital - Andrew Station","CT3","000000","['Outbound', 'Inbound']","['Beth Israel Deaconess Hospital', 'Andrew Station']","line-171708"
"1","FFC72C","Frequent Bus","Local Bus","Harvard Square - Nubian Station","1","000000","['Outbound', 'Inbound']","['Harvard Square', 'Nubian Station']","line-1"
"4","FFC72C","Commuter Bus","Local Bus","North Station - Design Center","4","000000","['Outbound', 'Inbound']","['North Station', 'Design Center']","line-4"
"7","FFC72C","Local Bus","Local Bus","City Point - Otis Street & Summer Street","7","000000","['Outbound', 'Inbound']","['City Point', 'Otis Street & Summer Street']","line-7"
"8","FFC72C","Local Bus","Local Bus","Harbor Point - Kenmore Station","8","000000","['Outbound', 'Inbound']","['Harbor Point', 'Kenmore Station']","line-8"
"9","FFC72C","Local Bus","Local Bus","City Point - Copley Square","9","000000","['Outbound', 'Inbound']","['City Point', 'Copley Square']","line-9"
"10","FFC72C","Local Bus","Local Bus","City Point - Copley Square","10","000000","['Outbound', 'Inbound']","['City Point', 'Copley Square']","line-10"
"11","FFC72C","Local Bus","Local Bus","City Point - Chauncy Street & Summer Street","11","000000","['Outbound', 'Inbound']","['City Point', 'Chauncy Street & Summer Street']","line-11"
"14","FFC72C","Local Bus","Local Bus","Roslindale Square - Heath Street","14","000000","['Outbound', 'Inbound']","['Roslindale Square', 'Heath Street']","line-14"
"15","FFC72C","Frequent Bus","Local Bus","Fields Corner Station or St Peter's Square - Ruggles Station","15","000000","['Outbound', 'Inbound']","["Fields Corner Station or St Peter's Square", 'Ruggles Station']"
"16","FFC72C","Local Bus","Local Bus","Forest Hills Station - Andrew Station or Harbor Point","16","000000","['Outbound', 'Inbound']","['Forest Hills Station', 'Andrew Station or Harbor Point']","line-16"
"17","FFC72C","Local Bus","Local Bus","Fields Corner Station - Andrew Station","17","000000","['Outbound', 'Inbound']","['Fields Corner Station', 'Andrew Station']","line-1719"
"18","FFC72C","Coverage Bus","Local Bus","Ashmont Station - Andrew Station","18","000000","['Outbound', 'Inbound']","['Ashmont Station', 'Andrew Station']","line-18"
"19","FFC72C","Local Bus","Local Bus","Fields Corner Station - Kenmore or Ruggles Station","19","000000","['Outbound', 'Inbound']","['Fields Corner Station', 'Kenmore or Ruggles Station']","line-1719"
"21","FFC72C","Local Bus","Local Bus","Ashmont Station - Forest Hills Station","21","000000","['Outbound', 'Inbound']","['Ashmont Station', 'Forest Hills Station']","line-21"
"22","FFC72C","Frequent Bus","Local Bus","Ashmont Station - Ruggles Station via Talbot Ave","22","000000","['Outbound', 'Inbound']","['Ashmont Station', 'Ruggles Station']","line-22"
"23","FFC72C","Frequent Bus","Free","Ashmont Station - Ruggles Station via Washington Street","23","000000","['Outbound', 'Inbound']","['Ashmont Station', 'Ruggles Station']","line-23"
"24","FFC72C","Local Bus","Local Bus","Wakefield Avenue & Truman Parkway - Ashmont Station","24","000000","['Outbound', 'Inbound']","['Wakefield Avenue & Truman Parkway', 'Ashmont Station']","line-242733"
"26","FFC72C","Local Bus","Local Bus","Ashmont Station - Norfolk Street Loop","26","000000","['Outbound', 'Inbound']","['Ashmont Station', 'Norfolk Street Loop']","line-26"
"28","FFC72C","Frequent Bus","Free","Mattapan Station - Ruggles Station","28","000000","['Outbound', 'Inbound']","['Mattapan Station', 'Ruggles Station']","line-28"
"29","FFC72C","Local Bus","Free","Mattapan Station - Jackson Square Station","29","000000","['Outbound', 'Inbound']","['Mattapan Station', 'Jackson Square Station']","line-29"
"30","FFC72C","Local Bus","Local Bus","Mattapan Station - Forest Hills Station via Cummins Highway and Roslindale Square","30","000000","['Outbound', 'Inbound']","['Mattapan Station', 'Forest Hills Station']","line-30"
"31","FFC72C","Local Bus","Local Bus","Mattapan Station - Forest Hills Station via Morton Street","31","000000","['Outbound', 'Inbound']","['Mattapan Station', 'Forest Hills Station']","line-31"
"32","FFC72C","Frequent Bus","Local Bus","Wolcott or Cleary Square - Forest Hills Station","32","000000","['Outbound', 'Inbound']","['Wolcott or Cleary Square', 'Forest Hills Station']","line-32"
"33","FFC72C","Local Bus","Local Bus","River Street & Milton Street - Mattapan Station","33","000000","['Outbound', 'Inbound']","['River Street & Milton Street', 'Mattapan Station']","line-242733"
"34","FFC72C","Local Bus","Local Bus","Dedham Square - Forest Hills Station","34","000000","['Outbound', 'Inbound']","['Dedham Square', 'Forest Hills Station']","line-3434E"
"34E","FFC72C","Local Bus","Local Bus","Walpole Center - Forest Hills Station","34E","000000","['Outbound', 'Inbound']","['Walpole Center', 'Forest Hills Station']","line-3434E"
"35","FFC72C","Local Bus","Local Bus","Dedham Mall or Stimson Street - Forest Hills Station","35","000000","['Outbound', 'Inbound']","['Dedham Mall or Stimson Street', 'Forest Hills Station']","line-35"
"36","FFC72C","Local Bus","Local Bus","Millennium Park or VA Hospital - Forest Hills Station","36","000000","['Outbound', 'Inbound']","['Millennium Park or VA Hospital', 'Forest Hills Station']","line-36"
"37","FFC72C","Local Bus","Local Bus","Baker Street & Vermont Street - Forest Hills Station","37","000000","['Outbound', 'Inbound']","['Baker Street & Vermont Street', 'Forest Hills Station']","line-37"
"38","FFC72C","Local Bus","Local Bus","Wren Street - Forest Hills Station","38","000000","['Outbound', 'Inbound']","['Wren Street', 'Forest Hills Station']","line-38"
"39","FFC72C","Frequent Bus","Local Bus","Forest Hills Station - Back Bay Station","39","000000","['Outbound', 'Inbound']","['Forest Hills Station', 'Back Bay Station']","line-39"
"40","FFC72C","Local Bus","Local Bus","Georgetowne - Forest Hills Station","40","000000","['Outbound', 'Inbound']","['Georgetowne', 'Forest Hills Station']","line-4050"
"41","FFC72C","Local Bus","Local Bus","Centre Street & Eliot Street - JFK/UMass Station","41","000000","['Outbound', 'Inbound']","['Centre Street & Eliot Street', 'JFK/UMass Station']","line-41"
"42","FFC72C","Local Bus","Local Bus","Forest Hills Station - Nubian Station","42","000000","['Outbound', 'Inbound']","['Forest Hills Station', 'Nubian Station']","line-42"
"43","FFC72C","Local Bus","Local Bus","Ruggles Station - Park Street Station","43","000000","['Outbound', 'Inbound']","['Ruggles Station', 'Park Street Station']","line-43"
"44","FFC72C","Local Bus","Local Bus","Jackson Square Station - Ruggles Station","44","000000","['Outbound', 'Inbound']","['Jackson Square Station', 'Ruggles Station']","line-44"
"45","FFC72C","Local Bus","Local Bus","Franklin Park - Ruggles Station","45","000000","['Outbound', 'Inbound']","['Franklin Park', 'Ruggles Station']","line-45"
"47","FFC72C","Local Bus","Local Bus","Central Square, Cambridge - Broadway Station","47","000000","['Outbound', 'Inbound']","['Central Square, Cambridge', 'Broadway Station']","line-47"
"50","FFC72C","Local Bus","Local Bus","Cleary Square - Forest Hills Station","50","000000","['Outbound', 'Inbound']","['Cleary Square', 'Forest Hills Station']","line-4050"
"51","FFC72C","Local Bus","Local Bus","Reservoir Station - Forest Hills Station","51","000000","['Outbound', 'Inbound']","['Reservoir Station', 'Forest Hills Station']","line-51"
"52","FFC72C","Local Bus","Local Bus","Dedham Mall - Watertown Yard","52","000000","['Outbound', 'Inbound']","['Dedham Mall', 'Watertown Yard']","line-5259"
"55","FFC72C","Coverage Bus","Local Bus","West Fenway - Copley Square","55","000000","['Outbound', 'Inbound']","['West Fenway', 'Copley Square']","line-55"
"57","FFC72C","Frequent Bus","Local Bus","Watertown Yard - Kenmore Station","57","000000","['Outbound', 'Inbound']","['Watertown Yard', 'Kenmore Station']","line-5757A"
"59","FFC72C","Local Bus","Local Bus","Needham Junction - Watertown Square","59","000000","['Outbound', 'Inbound']","['Needham Junction', 'Watertown Square']","line-5259"
"60","FFC72C","Local Bus","Local Bus","Chestnut Hill - Kenmore Station","60","000000","['Outbound', 'Inbound']","['Chestnut Hill', 'Kenmore Station']","line-6065"
"61","FFC72C","Local Bus","Local Bus","North Waltham - Waltham Center","61","000000","['Outbound', 'Inbound']","['North Waltham', 'Waltham Center']","line-6170170"
"62","FFC72C","Local Bus","Local Bus","Bedford VA Hospital - Alewife Station","62","000000","['Outbound', 'Inbound']","['Bedford VA Hospital', 'Alewife Station']","line-6276"
"627","FFC72C","Local Bus","Local Bus","Bedford VA Hospital - Alewife Station via Hanscom Airport","62/76","000000","['Outbound', 'Inbound']","['Bedford VA Hospital', 'Alewife Station']","line-6276"
"64","FFC72C","Local Bus","Local Bus","Oak Square - University Park or Kendall/MIT Station","64","000000","['Outbound', 'Inbound']","['Oak Square', 'University Park or Kendall/MIT Station']","line-6468"
"65","FFC72C","Local Bus","Local Bus","Brighton Center - Kenmore Station","65","000000","['Outbound', 'Inbound']","['Brighton Center', 'Kenmore Station']","line-6065"
"66","FFC72C","Frequent Bus","Local Bus","Harvard Square - Nubian Station","66","000000","['Outbound', 'Inbound']","['Harvard Square', 'Nubian Station']","line-66"
"67","FFC72C","Local Bus","Local Bus","Turkey Hill - Alewife Station","67","000000","['Outbound', 'Inbound']","['Turkey Hill', 'Alewife Station']","line-6779"
"68","FFC72C","Local Bus","Local Bus","Harvard Square - Kendall/MIT Station","68","000000","['Outbound', 'Inbound']","['Harvard Square', 'Kendall/MIT Station']","line-6468"
"69","FFC72C","Local Bus","Local Bus","Harvard Square - Lechmere Station","69","000000","['Outbound', 'Inbound']","['Harvard Square', 'Lechmere Station']","line-69"
"70","FFC72C","Local Bus","Local Bus","Market Place Drive or Waltham Center - University Park","70","000000","['Outbound', 'Inbound']","['Market Place Drive or Waltham Center', 'University Park']","line-6170170"
"71","FFC72C","Frequent Bus","Local Bus","Watertown Square - Harvard Station","71","000000","['Outbound', 'Inbound']","['Watertown Square', 'Harvard Station']","line-71"
"73","FFC72C","Frequent Bus","Local Bus","Waverley Square - Harvard Station","73","000000","['Outbound', 'Inbound']","['Waverley Square', 'Harvard Station']","line-73"
"74","FFC72C","Local Bus","Local Bus","Belmont Center - Harvard via Concord Avenue","74","000000","['Outbound', 'Inbound']","['Belmont Center', 'Harvard']","line-727475"
"75","FFC72C","Local Bus","Local Bus","Belmont Center - Harvard via Huron Avenue","75","000000","['Outbound', 'Inbound']","['Belmont Center', 'Harvard']","line-727475"
"76","FFC72C","Local Bus","Local Bus","Lincoln Lab - Alewife Station","76","000000","['Outbound', 'Inbound']","['Lincoln Lab', 'Alewife Station']","line-6276"
"77","FFC72C","Frequent Bus","Local Bus","Arlington Heights - Harvard Station","77","000000","['Outbound', 'Inbound']","['Arlington Heights', 'Harvard Station']","line-77"
"78","FFC72C","Local Bus","Local Bus","Arlmont Village - Harvard Station","78","000000","['Outbound', 'Inbound']","['Arlmont Village', 'Harvard Station']","line-7884"
"80","FFC72C","Local Bus","Local Bus","Arlington Center - Lechmere Station","80","000000","['Outbound', 'Inbound']","['Arlington Center', 'Lechmere Station']","line-80"
"83","FFC72C","Local Bus","Local Bus","Rindge Avenue - Central Square, Cambridge","83","000000","['Outbound', 'Inbound']","['Rindge Avenue', 'Central Square, Cambridge']","line-83"
"85","FFC72C","Local Bus","Local Bus","Spring Hill - Kendall/MIT Station","85","000000","['Outbound', 'Inbound']","['Spring Hill', 'Kendall/MIT Station']","line-85"
"86","FFC72C","Local Bus","Local Bus","Harvard Square - Reservoir Station","86","000000","['Outbound', 'Inbound']","['Harvard Square', 'Reservoir Station']","line-86"
"87","FFC72C","Local Bus","Local Bus","Clarendon Hill or Arlington Center - Lechmere Station","87","000000","['Outbound', 'Inbound']","['Clarendon Hill or Arlington Center', 'Lechmere Station']","line-87"
"88","FFC72C","Local Bus","Local Bus","Clarendon Hill - Lechmere Station","88","000000","['Outbound', 'Inbound']","['Clarendon Hill', 'Lechmere Station']","line-88"
"89","FFC72C","Local Bus","Local Bus","Clarendon Hill or Davis Station - Sullivan Square Station","89","000000","['Outbound', 'Inbound']","['Clarendon Hill or Davis Station', 'Sullivan Square Station']","line-89"
"90","FFC72C","Local Bus","Local Bus","Davis Station - Assembly Row","90","000000","['Outbound', 'Inbound']","['Davis Station', 'Assembly Row']","line-90"
"91","FFC72C","Local Bus","Local Bus","Sullivan Square Station - Central Square, Cambridge","91","000000","['Outbound', 'Inbound']","['Sullivan Square Station', 'Central Square, Cambridge']","line-91"
"92","FFC72C","Local Bus","Local Bus","Sullivan Square Station - Downtown via Main Street","92","000000","['Outbound', 'Inbound']","['Sullivan Square Station', 'Downtown']","line-92"
"93","FFC72C","Local Bus","Local Bus","Sullivan Square Station - Downtown via Bunker Hill Street","93","000000","['Outbound', 'Inbound']","['Sullivan Square Station', 'Downtown']","line-93"
"94","FFC72C","Local Bus","Local Bus","Medford Square - Davis Station","94","000000","['Outbound', 'Inbound']","['Medford Square', 'Davis Station']","line-94"
"95","FFC72C","Local Bus","Local Bus","West Medford or Arlington Center - Sullivan Square Station","95","000000","['Outbound', 'Inbound']","['West Medford or Arlington Center', 'Sullivan Square Station']","line-95"
"96","FFC72C","Local Bus","Local Bus","Medford Square - Harvard Station","96","000000","['Outbound', 'Inbound']","['Medford Square', 'Harvard Station']","line-96"
"97","FFC72C","Local Bus","Local Bus","Malden Center Station - Wellington Station","97","000000","['Outbound', 'Inbound']","['Malden Center Station', 'Wellington Station']","line-97"
"99","FFC72C","Local Bus","Local Bus","Woodland Road - Wellington Station","99","000000","['Outbound', 'Inbound']","['Woodland Road', 'Wellington Station']","line-99"
"100","FFC72C","Local Bus","Local Bus","Elm Street - Wellington Station","100","000000","['Outbound', 'Inbound']","['Elm Street', 'Wellington Station']","line-100"
"101","FFC72C","Local Bus","Local Bus","Malden Center Station - Sullivan Square Station via Winter Hill","101","000000","['Outbound', 'Inbound']","['Malden Center Station', 'Sullivan Square Station']","line-101"
"104","FFC72C","Frequent Bus","Local Bus","Malden Center Station - Airport Station","104","000000","['Outbound', 'Inbound']","['Malden Center Station', 'Airport Station']","line-104"
"105","FFC72C","Local Bus","Local Bus","Malden Center Station - Sullivan Square Station via Newland Street Housing","105","000000","['Outbound', 'Inbound']","['Malden Center Station', 'Sullivan Square Station']","line-105"
"106","FFC72C","Local Bus","Local Bus","Lebanon Loop - Wellington Station","106","000000","['Outbound', 'Inbound']","['Lebanon Loop', 'Wellington Station']","line-106"
"108","FFC72C","Local Bus","Local Bus","Linden Square - Wellington Station","108","000000","['Outbound', 'Inbound']","['Linden Square', 'Wellington Station']","line-108"
"109","FFC72C","Frequent Bus","Local Bus","Linden Square - Harvard Square via Sullivan","109","000000","['Outbound', 'Inbound']","['Linden Square', 'Harvard Square']","line-109"
"110","FFC72C","Frequent Bus","Local Bus","Wonderland Station - Wellington Station","110","000000","['Outbound', 'Inbound']","['Wonderland Station', 'Wellington Station']","line-110"
"111","FFC72C","Frequent Bus","Local Bus","Woodlawn - Haymarket Station","111","000000","['Outbound', 'Inbound']","['Woodlawn', 'Haymarket Station']","line-111"
"112","FFC72C","Local Bus","Local Bus","Wellington Station - Wood Island Station","112","000000","['Outbound', 'Inbound']","['Wellington Station', 'Wood Island Station']","line-112"
"114","FFC72C","Coverage Bus","Local Bus","Market Basket - Maverick Station","114","000000","['Outbound', 'Inbound']","['Market Basket', 'Maverick Station']","line-114116117"
"116","FFC72C","Frequent Bus","Local Bus","Wonderland Station - Maverick Station","116","000000","['Outbound', 'Inbound']","['Wonderland Station', 'Maverick Station']","line-114116117"
"119","FFC72C","Local Bus","Local Bus","Northgate Shopping Center - Beachmont Station","119","000000","['Outbound', 'Inbound']","['Northgate Shopping Center', 'Beachmont Station']","line-119"
"120","FFC72C","Local Bus","Local Bus","Orient Heights Station - Jeffries Point","120","000000","['Outbound', 'Inbound']","['Orient Heights Station', 'Jeffries Point']","line-120121"
"121","FFC72C","Commuter Bus","Local Bus","Wood Island Station - Maverick Station","121","000000","['Outbound', 'Inbound']","['Wood Island Station', 'Maverick Station']","line-120121"
"131","FFC72C","Commuter Bus","Local Bus","Melrose Highlands - Malden Center Station","131","000000","['Outbound', 'Inbound']","['Melrose Highlands', 'Malden Center Station']","line-131132"
"132","FFC72C","Local Bus","Local Bus","Redstone Shopping Center - Malden Center Station","132","000000","['Outbound', 'Inbound']","['Redstone Shopping Center', 'Malden Center Station']","line-131132"
"134","FFC72C","Local Bus","Local Bus","North Woburn - Wellington Station","134","000000","['Outbound', 'Inbound']","['North Woburn', 'Wellington Station']","line-134"
"137","FFC72C","Local Bus","Local Bus","Reading Depot - Malden Center Station","137","000000","['Outbound', 'Inbound']","['Reading Depot', 'Malden Center Station']","line-136137"
"171","FFC72C","Supplemental Bus","Local Bus","Logan Airport Terminals - Nubian Station","171","000000","['Outbound', 'Inbound']","['Logan Airport Terminals', 'Nubian Station']","line-171708"
"201","FFC72C","Local Bus","Local Bus","Fields Corner Loop via Neponset Ave","201","000000","['Outbound', 'Inbound']","['Fields Corner Loop', 'Fields Corner Loop']","line-201202"
"202","FFC72C","Local Bus","Local Bus","Fields Corner Loop via Adams Street","202","000000","['Outbound', 'Inbound']","['Fields Corner Loop', 'Fields Corner Loop']","line-201202"
"210","FFC72C","Local Bus","Local Bus","Quincy Center Station - Fields Corner Station","210","000000","['Outbound', 'Inbound']","['Quincy Center Station', 'Fields Corner Station']","line-210211212"
"211","FFC72C","Local Bus","Local Bus","Quincy Center Station - Squantum","211","000000","['Outbound', 'Inbound']","['Quincy Center Station', 'Squantum']","line-210211212"
"215","FFC72C","Local Bus","Local Bus","Quincy Center Station - Ashmont Station via West Quincy","215","000000","['Outbound', 'Inbound']","['Quincy Center Station', 'Ashmont Station']","line-215"
"216","FFC72C","Local Bus","Local Bus","Houghs Neck - Quincy Center Station via Germantown","216","000000","['Outbound', 'Inbound']","['Houghs Neck', 'Quincy Center Station']","line-214216"
"217","FFC72C","Commuter Bus","Local Bus","Quincy Center Station - Ashmont Station via Wollaston Station","217","000000","['Outbound', 'Inbound']","['Quincy Center Station', 'Ashmont Station']","line-217245"
"220","FFC72C","Local Bus","Local Bus","Hingham Depot - Quincy Center Station","220","000000","['Outbound', 'Inbound']","['Hingham Depot', 'Quincy Center Station']","line-220221222"
"222","FFC72C","Local Bus","Local Bus","East Weymouth - Quincy Center Station","222","000000","['Outbound', 'Inbound']","['East Weymouth', 'Quincy Center Station']","line-220221222"
"225","FFC72C","Local Bus","Local Bus","Weymouth Landing - Quincy Center Station","225","000000","['Outbound', 'Inbound']","['Weymouth Landing', 'Quincy Center Station']","line-225226"
"226","FFC72C","Local Bus","Local Bus","Columbian Square - Braintree Station","226","000000","['Outbound', 'Inbound']","['Columbian Square', 'Braintree Station']","line-225226"
"230","FFC72C","Local Bus","Local Bus","Montello Station - Quincy Center Station","230","000000","['Outbound', 'Inbound']","['Montello Station', 'Quincy Center Station']","line-230"
"236","FFC72C","Local Bus","Local Bus","South Shore Plaza - Quincy Center Station","236","000000","['Outbound', 'Inbound']","['South Shore Plaza', 'Quincy Center Station']","line-236"
"238","FFC72C","Local Bus","Local Bus","Holbrook/Randolph Station - Quincy Center Station","238","000000","['Outbound', 'Inbound']","['Holbrook/Randolph Station', 'Quincy Center Station']","line-238"
"240","FFC72C","Local Bus","Local Bus","Avon Square - Ashmont Station","240","000000","['Outbound', 'Inbound']","['Avon Square', 'Ashmont Station']","line-240"
"245","FFC72C","Local Bus","Local Bus","Quincy Center Station - Mattapan Station","245","000000","['Outbound', 'Inbound']","['Quincy Center Station', 'Mattapan Station']","line-217245"
"350","FFC72C","Local Bus","Local Bus","North Burlington - Alewife Station","350","000000","['Outbound', 'Inbound']","['North Burlington', 'Alewife Station']","line-350351"
"351","FFC72C","Commuter Bus","Local Bus","Bedford Woods Drive - Third Avenue","351","000000","['Outbound', 'Inbound']","['Bedford Woods Drive', 'Third Avenue']","line-350351"
"354","FFC72C","Commuter Bus","Inner Express","North Burlington - State Street, Boston","354","000000","['Outbound', 'Inbound']","['North Burlington', 'State Street, Boston']","line-354"
"411","FFC72C","Local Bus","Local Bus","Kennedy Drive or Jack Satter House - Malden Center Station","411","000000","['Outbound', 'Inbound']","['Kennedy Drive or Jack Satter House', 'Malden Center Station']","line-411430"
"424","FFC72C","Commuter Bus","Local Bus","Eastern Avenue & Essex Street - Wonderland Station","424","000000","['Outbound', 'Inbound']","['Eastern Avenue & Essex Street', 'Wonderland Station']","line-424450456"
"426","FFC72C","Local Bus","Inner Express","Central Square, Lynn - Haymarket or Wonderland Station","426","000000","['Outbound', 'Inbound']","['Central Square, Lynn', 'Haymarket or Wonderland Station']","line-426428"
"428","FFC72C","Commuter Bus","Inner Express","Oaklandvale - Haymarket Station","428","000000","['Outbound', 'Inbound']","['Oaklandvale', 'Haymarket Station']","line-426428"
"429","FFC72C","Local Bus","Local Bus","Northgate Shopping Center - Central Square, Lynn","429","000000","['Outbound', 'Inbound']","['Northgate Shopping Center', 'Central Square, Lynn']","line-429"
"430","FFC72C","Local Bus","Local Bus","Saugus Center - Malden Center Station","430","000000","['Outbound', 'Inbound']","['Saugus Center', 'Malden Center Station']","line-411430"
"435","FFC72C","Local Bus","Local Bus","Liberty Tree Mall - Central Square, Lynn via Peabody Square","435","000000","['Outbound', 'Inbound']","['Liberty Tree Mall', 'Central Square, Lynn']","line-434435436"
"436","FFC72C","Local Bus","Local Bus","Liberty Tree Mall - Central Square, Lynn via Goodwin Circle","436","000000","['Outbound', 'Inbound']","['Liberty Tree Mall', 'Central Square, Lynn']","line-434435436"
"439","FFC72C","Coverage Bus","Local Bus","Nahant - Wonderland Station","439","000000","['Outbound', 'Inbound']","['Nahant', 'Wonderland Station']","line-439441442"
"441","FFC72C","Local Bus","Local Bus","Marblehead - Wonderland Station via Paradise Road","441","000000","['Outbound', 'Inbound']","['Marblehead', 'Wonderland Station']","line-439441442"
"442","FFC72C","Local Bus","Local Bus","Marblehead - Wonderland Station via Humphrey Street","442","000000","['Outbound', 'Inbound']","['Marblehead', 'Wonderland Station']","line-439441442"
"450","FFC72C","Local Bus","Inner Express","Salem Depot - Wonderland or Haymarket Station","450","000000","['Outbound', 'Inbound']","['Salem Depot', 'Wonderland or Haymarket Station']","line-424450456"
"451","FFC72C","Commuter Bus","Local Bus","North Beverly Station - Salem Depot","451","000000","['Outbound', 'Inbound']","['North Beverly Station', 'Salem Depot']","line-451465"
"455","FFC72C","Local Bus","Local Bus","Salem Depot - Wonderland Station","455","000000","['Outbound', 'Inbound']","['Salem Depot', 'Wonderland Station']","line-455"
"456","FFC72C","Coverage Bus","Local Bus","Salem Depot - Central Square, Lynn","456","000000","['Outbound', 'Inbound']","['Salem Depot', 'Central Square, Lynn']","line-424450456"
"501","FFC72C","Commuter Bus","Inner Express","Brighton Center - Federal Street & Franklin Street","501","000000","['Outbound', 'Inbound']","['Brighton Center', 'Federal Street & Franklin Street']","line-501503"
"504","FFC72C","Commuter Bus","Inner Express","Watertown Yard - Federal Street & Franklin Street","504","000000","['Outbound', 'Inbound']","['Watertown Yard', 'Federal Street & Franklin Street']","line-502504"
"505","FFC72C","Commuter Bus","Inner Express","Waltham Center - Federal Street & Franklin Street","505","000000","['Outbound', 'Inbound']","['Waltham Center', 'Federal Street & Franklin Street']","line-505553554"
"553","FFC72C","Local Bus","Local Bus","Roberts - Newton Corner","553","000000","['Outbound', 'Inbound']","['Roberts', 'Newton Corner']","line-505553554"
"554","FFC72C","Commuter Bus","Local Bus","Waverley Square - Newton Corner","554","000000","['Outbound', 'Inbound']","['Waverley Square', 'Newton Corner']","line-505553554"
"556","FFC72C","Commuter Bus","Local Bus","Waltham Highlands - Newton Corner","556","000000","['Outbound', 'Inbound']","['Waltham Highlands', 'Newton Corner']","line-556558"
"558","FFC72C","Commuter Bus","Local Bus","Riverside Station - Newton Corner","558","000000","['Outbound', 'Inbound']","['Riverside Station', 'Newton Corner']","line-556558"
"712","FFC72C","Local Bus","Local Bus","Point Shirley - Orient Heights Station via Revere Street","712","000000","['Outbound', 'Inbound']","['Point Shirley', 'Orient Heights Station']","line-712713"
"713","FFC72C","Local Bus","Local Bus","Point Shirley - Orient Heights Station via Winthrop Center","713","000000","['Outbound', 'Inbound']","['Point Shirley', 'Orient Heights Station']","line-712713"
"714","FFC72C","Coverage Bus","Local Bus","Pemberton Point, Hull - Station Street, Hingham","714","000000","['Outbound', 'Inbound']","['Pemberton Point, Hull', 'Station Street, Hingham']","line-714"
"716","FFC72C","Coverage Bus","Local Bus","Cobbs Corner - Mattapan Station","716","000000","['Outbound', 'Inbound']","['Cobbs Corner', 'Mattapan Station']","line-716"